id,案件名称,来源类型,来源作品/事件,作者/创作者,地区,年代,案件状态,一句话简介,录入状态,难度综合
case-133,唐人街探案,影视,电影《唐人街探案》,陈思诚,中国,2015年,已破案,泰国曼谷发生黄金失窃案和杀人案，结巴少年秦风与表舅唐仁被卷入案件，他们在调查中发现真凶是一个利用日记操纵养父杀人的女孩思诺，而她的完美犯罪逃脱了法律制裁。,故事完成,5.0
case-041,无证之罪,影视,无证之罪,,中国,当代（1980后）,已破案,前法医为了寻找失踪的妻女，制造了一系列'雪人杀人案'，所有现场都没有证据，只有一张'请来抓我'的纸条。,待录入,4.3
case-040,沉默的真相,影视,沉默的真相,,中国,当代（1980后）,已破案,检察官江阳为了平反一起冤案，付出了十年青春、爱情、事业甚至生命，最终用自己的死引发关注。,待录入,4.5
case-135,目击者之追凶,影视,电影《目击者之追凶》,程伟豪,中国,2017年,已破案,记者王逸齐在一场车祸中发现自己的车是一辆还魂车（事故车），他开始调查九年前的一场离奇车祸，逐渐揭开了一个涉及绑架、谋杀、腐败和多重真相的黑暗故事。,故事完成,5.0
case-136,血观音,影视,电影《血观音》,杨雅喆,中国,2017年,已破案,台湾官商勾结的黑暗世界中，棠夫人带着两个女儿周旋于政商名流之间，通过操纵、谋杀和权色交易来达到自己的目的，最后揭示了一个跨越多年的复仇和权力斗争的悲剧。,故事完成,5.0
case-134,误杀,影视,电影《误杀》,柯汶利,中国,2019年,已破案,父亲李维杰为了保护误杀警察局长儿子的大女儿，利用电影里学来的反侦察手法，制造了完美的不在场证明，与警察局长拉韫展开了一场高智商的较量。,故事完成,5.0
case-039,隐秘的角落,影视,隐秘的角落,,中国,当代（1980后）,已破案,三个孩子在景区游玩时无意间拍摄到了一次谋杀，由此展开了一场与凶手的周旋和一连串的死亡。,待录入,4.8
case-038,告白,影视,告白,,日本,当代（1980后）,已破案,女教师在结业式上告白：她的女儿被班上两名学生杀害，她已经在牛奶中注入了艾滋病毒作为复仇。,待录入,4.3
case-130,怒,影视,电影《怒》,李相日,日本,2016年,已破案,东京发生一起残忍杀人案，凶手在现场留下一个'怒'字后逃亡。一年后，三个地方出现了三个身份不明的神秘男子，他们都可能是凶手，故事探讨了信任、怀疑和人性的复杂。,故事完成,5.0
case-132,愚行录,影视,电影《愚行录》,石川庆,日本,2017年,已破案,精英上班族田向浩树一家被残忍杀害，记者田中武志调查此案，逐渐揭开田向和他的妻子友季惠黑暗的过去，最后发现真凶是田中自己的妹妹光子，而案件背后隐藏着乱伦和虐待的悲剧。,故事完成,5.0
case-131,白雪公主杀人事件,影视,电影《白雪公主杀人事件》,中村义洋,日本,2014年,已破案,化妆品公司女职员三木典子在公园被刺死并焚尸，同事城野美姬成为嫌疑人，电视台导演赤星雄治通过网络和采访调查此案，最后发现真凶另有其人，而美姬只是网络暴力的受害者。,故事完成,5.0
case-129,祈祷落幕时,影视,电影《祈祷落幕时》,福泽克雄,日本,2018年,已破案,东京某公寓发现一具高度腐烂的女尸，刑警松宫修平调查发现案件与著名舞台剧导演浅居博美有关，逐渐揭开了一段跨越26年的父女逃亡和多重身份的悲剧故事。,故事完成,5.0
case-128,冰血暴,影视,电影《冰血暴》,科恩兄弟,欧美,1996年,已破案,汽车销售杰里·伦德加德为了骗取岳父的赎金，雇佣两个绑匪绑架了自己的妻子，但计划失控，引发了一系列血腥谋杀，怀孕女警玛戈·冈德森最终破案。,故事完成,4.0
case-124,小岛惊魂,影视,电影《小岛惊魂》,亚历杭德罗·阿梅纳瓦尔,欧美,2001年,已破案,二战结束后，格蕾丝带着两个孩子住在泽西岛的一座大宅里，她坚信房子里有鬼魂，最后发现她和孩子们才是真正的鬼魂，而他们以为的'活人'才是真正的活人。,故事完成,5.0
case-122,恐怖游轮,影视,电影《恐怖游轮》,克里斯托弗·史密斯,欧美,2009年,已破案,单亲母亲杰西和朋友登上一艘游艇，遭遇风暴后登上一艘废弃的游轮，然后陷入了无限循环的时间漩涡中，她发现自己必须杀死所有人才能打破循环。,故事完成,5.0
case-126,搏击俱乐部,影视,电影《搏击俱乐部》,大卫·芬奇,欧美,1999年,已破案,一个对生活感到空虚的白领遇到了肥皂推销员泰勒·德顿，两人创立了'搏击俱乐部'，最后发现泰勒就是他自己分裂出来的人格，他一直在与自己的影子作斗争。,故事完成,5.0
case-137,看不见的客人,影视,电影《看不见的客人》,奥里奥尔·保罗,欧美,2016年,已破案,年轻企业家艾德里安被指控在酒店房间里谋杀了他的情人劳拉，他聘请了顶级律师弗吉尼亚为他辩护，在对话中逐渐揭开了一个涉及车祸、藏尸、谋杀和复仇的复杂真相，最后发现律师其实是受害者的母亲伪装的。,故事完成,5.0
case-118,禁闭岛,影视,电影《禁闭岛》,马丁·斯科塞斯,欧美,2010年,已破案,联邦警官泰迪·丹尼尔斯前往禁闭岛精神病院调查一名失踪女病人，随着调查深入，他发现自己才是真正的病人，整个调查都是他的妄想。,故事完成,5.0
case-121,穆赫兰道,影视,电影《穆赫兰道》,大卫·林奇,欧美,2001年,已破案,一个怀揣明星梦的女孩贝蒂来到好莱坞，遇到了因车祸失忆的神秘女子丽塔，两人一起寻找丽塔的身份，最后发现整个故事是一个失败女演员戴安娜的梦境，她在现实中雇佣杀手杀死了情敌卡米拉。,故事完成,5.0
case-123,第六感,影视,电影《第六感》,M·奈特·沙马兰,欧美,1999年,已破案,儿童心理学家马尔科姆试图帮助一个能看到死人的男孩科尔，最后发现马尔科姆自己在一年前就已经被他的一个病人枪杀死亡，他一直以鬼魂的形态存在。,故事完成,5.0
case-127,老无所依,影视,电影《老无所依》,科恩兄弟,欧美,2007年,已破案,越战老兵卢埃林·莫斯在毒品交易现场捡到一箱200万美元，被冷血杀手安东·奇古尔追杀，老警长埃德·汤姆试图保护莫斯，但最终发现自己已经无法理解这个越来越暴力和混乱的世界。,故事完成,4.3
case-119,致命ID,影视,电影《致命ID》,詹姆斯·曼高德,欧美,2003年,已破案,11个陌生人在一场暴风雨中被困在一家汽车旅馆，然后一个接一个被杀害，最后发现所有人都是同一个多重人格障碍患者的不同人格，杀人是人格整合治疗的一部分。,故事完成,5.0
case-125,致命魔术,影视,电影《致命魔术》,克里斯托弗·诺兰,欧美,2006年,已破案,两个魔术师罗伯特·安吉尔和阿尔弗雷德·波登从朋友变成死敌，他们互相竞争、互相报复，最后揭示了波登的双胞胎秘密和安吉尔的克隆机秘密，两人都为魔术付出了生命的代价。,故事完成,5.0
case-120,记忆碎片,影视,电影《记忆碎片》,克里斯托弗·诺兰,欧美,2000年,已破案,患有顺行性遗忘症的莱昂纳多通过宝丽来照片和纹身来寻找杀害妻子的凶手，电影采用倒叙结构，最后发现他自己才是真正的凶手，他一直在利用自己的失忆来逃避真相。,故事完成,5.0
case-034,七宗罪,影视,七宗罪（Se7en）,,美国,当代（1980后）,已破案,两名警探追踪一名以七宗罪为主题的连环杀手，最终发现凶手的最后一宗罪是嫉妒，而受害者是自己。,待录入,4.5
case-036,控方证人,影视,控方证人（Witness for the Prosecution）,,美国,近现代（1900-1980）,已破案,男子被指控谋杀富婆，妻子作为控方证人出庭指证他，但真相是妻子在保护丈夫，真凶另有其人。,待录入,4.8
case-035,消失的爱人,影视,消失的爱人（Gone Girl）,,美国,当代（1980后）,已破案,妻子在结婚五周年纪念日失踪，所有证据都指向丈夫是凶手，但真相是妻子自导自演了一场复仇。,待录入,4.8
shutter-island,禁闭岛,影视,,,美国,2010,已完结,联邦法警调查禁闭岛上的精神病院，揭开自己的身份和治疗实验的真相。,初稿,5
mulholland-drive,穆赫兰道,影视,,,美国,2001,已完结,好莱坞的梦境与现实交织，失忆女子与追梦女孩的故事揭开欲望与死亡的真相。,初稿,5
identity,致命ID,影视,,,美国,2003,已完结,暴雨夜的汽车旅馆中十人接连被杀，身份谜团与多重人格交织。,初稿,5
memento,记忆碎片,影视,,,美国,2000,已完结,失忆男子为妻子复仇，倒叙叙事揭开记忆骗局和自我欺骗的真相。,初稿,5
case-037,非常嫌疑犯,影视,非常嫌疑犯（The Usual Suspects）,,美国,当代（1980后）,已破案,五名罪犯被警方召集辨认，其中四人在一场爆炸中死亡，唯一幸存者讲述了一个被神秘大佬Keyser Söze操控的故事，但真相是他就是Keyser Söze。,待录入,4.7
triangle,恐怖游轮,影视,,,英国,2009,已完结,单亲母亲登上神秘游轮，陷入无限循环的杀戮与救赎。,初稿,4
case-049,七个房间,推理小说,ZOO（七个房间）,乙一（安达宽高）,日本,2003年,已结案,姐弟被绑架关在地下七个房间中，每天有一个房间的人被电锯杀死，姐姐发现规律后牺牲自己让弟弟逃生。,已完成,3.3
case-049,从前，在太阳西沉的公园里,推理小说,ZOO（从前，在太阳西沉的公园里）,乙一（安达宽高）,日本,2003年,已结案,孩子在公园沙池里挖沙时，一只手从沙池底部伸出来握住他的手，在他手心写字求他拉自己上去，孩子拒绝后，那只手松开了，他再也没有去过那个公园。,已完成,2.7
case-049,动物园,推理小说,ZOO（动物园）,乙一（安达宽高）,日本,2003年,已结案,男人每天收到女友尸体逐渐腐烂的照片，疯狂寻找凶手，最终发现自己就是凶手，另一个人格一直在自导自演。,已完成,4.7
case-049,向阳之诗,推理小说,ZOO（向阳之诗）,乙一（安达宽高）,日本,2003年,已结案,末世中，制造者教机器人理解死亡，当兔子死去后机器人终于明白悲伤，却发现制造者自己也是一个等待死亡的机器人。,已完成,3.7
case-049,在即将坠落的飞机中,推理小说,ZOO（在即将坠落的飞机中）,乙一（安达宽高）,日本,2003年,已结案,懦弱的劫机者劫持飞机，两个乘客在'飞机即将坠落'的心理暗示下互相威胁要杀死对方，最终飞机安全降落，两人发现自己都没有勇气杀人。,已完成,3.3
case-049,寒冷森林中的小白屋,推理小说,ZOO（寒冷森林中的小白屋）,乙一（安达宽高）,日本,2003年,已结案,童年被继母虐待毁容的男人，长大后用尸体在森林里搭建了一座白色小屋，只为拥有一个属于自己的家。,已完成,3.0
case-049,小饰与阳子,推理小说,ZOO（小饰与阳子）,乙一（安达宽高）,日本,2003年,已结案,被母亲虐待的双胞胎妹妹，在被姐姐推下楼梯后，决定与姐姐交换身份，让虐待者自食其果。,已完成,3.7
case-049,把血液找出来！,推理小说,ZOO（把血液找出来！）,乙一（安达宽高）,日本,2003年,已结案,失去痛觉的富翁醒来发现身上插着刀，各怀鬼胎的家人为了遗产争相寻找救命血袋，黑色幽默下隐藏着凶手的身份。,已完成,4.0
case-049,神的咒语,推理小说,ZOO（神的咒语）,乙一（安达宽高）,日本,2003年,已结案,拥有'言灵'能力的少年，因为虚伪和自卑，用咒语让全世界的人都死去，然后对自己施咒，活在只有自己的幻想世界里。,已完成,4.0
case-049,衣橱,推理小说,ZOO（衣橱）,乙一（安达宽高）,日本,2003年,已结案,嫂子杀害小叔子后将尸体藏入衣橱，小姑子通过'无法打开的衣橱'这一矛盾推理出真相，却被嫂子的谎言反将一军。,已完成,4.7
case-049,远离的夫妇,推理小说,ZOO（远离的夫妇）,乙一（安达宽高）,日本,2003年,已结案,父母冷战到互相看不见对方，只有孩子能同时看到两人，最终孩子被迫选择一方，另一方从他的世界中彻底消失。,已完成,4.3
case-049,ZOO,推理小说,ZOO,,日本,当代（1980后）,已破案,乙一的短篇集，包含11个黑暗而温暖的故事，其中《ZOO》讲述了一个男人每天收到女友尸体的照片，却不知道自己就是凶手。,待录入,4.7
case-088,为了N,推理小说,湊佳苗作品,湊佳苗,日本,社会派（2000-至今）,已破案,圣诞夜，一对夫妻在公寓中被杀害，四个年轻人在现场。他们的证词互相矛盾，但都在保护同一个人——一个名字以N开头的人。,故事完成,4.3
proof-of-the-man,人性的证明,推理小说,,,日本,1976,已完结,黑人青年在东京酒店电梯中被刺死，栋居刑警追查真相，揭开母亲的人性证明。,初稿,3
case-080,八墓村,推理小说,金田一耕助系列,横沟正史,日本,战后本格（1945-1960）,已破案,一个被诅咒的村庄，四百年来村民一直活在对落难武士的恐惧中。当一个外来青年回到村庄继承遗产时，连环谋杀开始了。,故事完成,4.3
case-019,冰菓,推理小说,冰菓,,日本,当代（1980后）,已破案,古籍研究社社员调查三十三年前社长退学之谜，真相是一场被掩盖的学生运动和牺牲。,待录入,3.8
the-scissors-guy,剪刀男,推理小说,,,日本,1999,已完结,"连环杀手""剪刀男""的目标被别人抢先杀害，凶手自己开始追查模仿犯。",初稿,5
case-018,十角馆事件,推理小说,十角馆事件,,日本,近现代（1900-1980）,已破案,推理社团成员在十角馆度假，接连被杀，凶手利用双身份和摩托艇在岛与本土之间穿梭。,故事完成,4.3
case-015,占星术杀人魔法,推理小说,占星术杀人魔法,,日本,近现代（1900-1980）,已破案,画家留下占星术遗书后被杀，六个女儿相继失踪，被分尸埋在日本各地，四十年后御手洗洁破解惊天诡计。,故事完成,4.7
the-summer-when-sunflowers-didnt-bloom,向日葵不开的夏天,推理小说,,,日本,2005,已完结,同学的尸体神秘消失，转世成蜘蛛告诉男孩自己是被谋杀的，黑暗童话中的真相。,初稿,5
salvation-of-a-saint,圣女的救济,推理小说,,,日本,2008,已完结,"丈夫在家中被毒杀，妻子有完美不在场证明，汤川学揭开""虚数解""的不可能犯罪。",初稿,5
summer-fireworks-and-my-corpse,夏天、烟火和我的尸体,推理小说,,,日本,1996,已完结,九岁女孩被朋友推下树死亡，以尸体视角观察凶手们藏匿尸体的过程。,初稿,3
case-047,姑获鸟之夏,推理小说,姑获鸟之夏,,日本,近现代（1900-1980）,已破案,妇产科医院的院长夫人怀孕二十个月未生产，丈夫在密室中消失，京极堂揭开了一个被诅咒的家族秘密。,待录入,4.7
case-004,嫌疑人X的献身,推理小说,伽利略系列,,日本,当代（1980后）,已破案,天才数学家为暗恋的邻居掩盖杀人罪行，设计了完美的不在场证明，最终以自己顶罪。,完整,4.0
case-090,库特莉亚芙卡的排序,推理小说,冰菓系列,米泽穗信,日本,日常推理（2000-至今）,已破案,文化祭期间，古典部的社刊《冰菓》印多了卖不出去，同时学校里发生了一连串'盗窃'事件，每件被盗物品都对应着一个社团。折木奉太郎需要在卖社刊的同时，揭开这起'十文字'事件的真相。,故事完成,4.0
case-092,异邦骑士,推理小说,岛田庄司作品,岛田庄司,日本,新本格（1980-至今）,已破案,一个男人在陌生的地方醒来，失去了全部记忆。他遇到了一个美丽的女人，开始了新的生活，但逐渐发现自己的过去和这场'邂逅'都不是偶然。,故事完成,5.0
case-014,恶意,推理小说,恶意,,日本,当代（1980后）,已破案,畅销书作家在家中被杀，凶手很快落网，但杀人动机始终是谜，真相是纯粹的恶意。,待录入,4.7
case-081,恶魔吹着笛子来,推理小说,金田一耕助系列,横沟正史,日本,战后本格（1945-1960）,已破案,前子爵在密室中自杀后，他的家人开始接连被谋杀，每次谋杀前都能听到他留下的笛子曲《恶魔吹着笛子来》。,故事完成,5.0
case-089,愚者的片尾,推理小说,冰菓系列,米泽穗信,日本,日常推理（2000-至今）,已破案,古典部的成员们被学姐邀请观看一部学生制作的悬疑电影，电影没有拍完，他们需要根据已有的线索推理出电影的结局和凶手。,故事完成,4.3
case-087,所罗门的伪证,推理小说,宫部美雪作品,宫部美雪,日本,社会派（1980-至今）,已破案,中学生在圣诞节早晨发现同学坠楼身亡，警方判定为自杀。但一封告密信指控这是谋杀，于是学生们决定自己组织一场校内审判来查明真相。,故事完成,4.3
after-school,放学后,推理小说,,,日本,1985,已完结,女子高中的密室杀人案，前岛老师追查真相，揭开少女们的杀意和秘密。,初稿,4
case-016,斜屋犯罪,推理小说,斜屋犯罪,,日本,近现代（1900-1980）,已破案,在倾斜的流冰馆中发生密室杀人，凶手利用房屋的倾斜和机关完成不可能犯罪。,待录入,4.2
case-078,本阵杀人事件,推理小说,金田一耕助系列,横沟正史,日本,战后本格（1945-1960）,已破案,新婚之夜，新郎新娘在反锁的房间里被人用日本刀砍杀，房间周围的雪地上只有进入的脚印，没有离开的。,故事完成,4.7
case-086,模仿犯,推理小说,宫部美雪作品,宫部美雪,日本,社会派（1980-至今）,已破案,东京发生连环绑架杀人案，凶手主动联系媒体炫耀罪行。一个老人发现自己的孙女可能是受害者，而案件的真相远比想象中更复杂。,故事完成,5.0
case-085,火车,推理小说,宫部美雪作品,宫部美雪,日本,社会派（1980-至今）,已破案,一个女人在就职面试中盗用了别人的身份，随后被发现死在公寓里。记者调查发现，她的背后是一个关于借贷、破产和身份盗用的残酷社会现实。,故事完成,4.0
case-082,点与线,推理小说,松本清张作品,松本清张,日本,社会派（1950-1970）,已破案,一对男女在海边殉情，但刑警发现他们的车票和时间线存在微妙的矛盾，一场涉及政府腐败的谋杀逐渐浮出水面。,故事完成,4.7
case-079,犬神家族,推理小说,金田一耕助系列,横沟正史,日本,战后本格（1945-1960）,已破案,犬神家主去世后留下诡异遗嘱，三个外孙为了遗产和一个神秘女子的芳心互相残杀，每个人的死状都与犬神家的传家宝有关。,故事完成,5.0
case-051,狱门岛,推理小说,狱门岛,,日本,近现代（1900-1980）,已破案,金田一耕助来到孤岛狱门岛，调查三姐妹接连被杀的案件，真相涉及海盗后裔和疯狂的家族诅咒。,待录入,4.7
case-013,白夜行,推理小说,白夜行,,日本,近现代（1900-1980）,已破案,一对少年少女在长达十九年的时间里，以罪与爱共生，她在白天行走，他在黑夜中守护。,待录入,4.3
case-083,砂之器,推理小说,松本清张作品,松本清张,日本,社会派（1950-1970）,已破案,一位老刑警在东京被人用钝器打死，身份不明。调查揭开了一个关于出身、阶级和艺术的残酷故事，以及一个天才音乐家为了掩盖过去而犯下的罪行。,故事完成,4.3
case-017,钟表馆事件,推理小说,钟表馆事件,,日本,当代（1980后）,已破案,在充满钟表的建筑中，灵媒团队遭遇连环杀人，真相是建筑内外的时间流速不同。,待录入,4.7
case-091,镜中孤城,推理小说,辻村深月作品,辻村深月,日本,青春推理（2000-至今）,已破案,七个拒绝上学的中学生被吸入一座镜中的城堡，他们需要在一年内找到藏在城堡中的'祈愿之钥'，找到的人可以实现一个愿望。但随着探索深入，他们发现这座城堡和彼此之间有着意想不到的联系。,故事完成,4.3
case-084,零的焦点,推理小说,松本清张作品,松本清张,日本,社会派（1950-1970）,已破案,新婚丈夫在出差途中失踪，妻子独自前往金泽寻找，却发现丈夫有着不为人知的过去，而与他过去相关的人接连死亡。,故事完成,4.0
case-048,魍魉之匣,推理小说,魍魉之匣,,日本,近现代（1900-1980）,已破案,少女被火车撞后在医院神秘消失，连环分尸案接连发生，京极堂揭开了一个关于'匣中少女'的疯狂实验。,待录入,4.8
case-058,ABC谋杀案,推理小说,阿加莎·克里斯蒂作品,阿加莎·克里斯蒂,欧美,黄金时代（1920-1950）,已破案,波洛遭遇按字母顺序行凶的连环杀手，受害者身边都放着一本ABC铁路指南。,故事完成,4.0
case-065,人性记录,推理小说,波洛系列,阿加莎·克里斯蒂,欧美,黄金时代（1920-1950）,已破案,女演员请求波洛帮忙离婚，不久后她的丈夫被发现死在书房，而所有证据都指向女演员。,故事完成,4.3
case-060,啤酒谋杀案,推理小说,阿加莎·克里斯蒂作品,阿加莎·克里斯蒂,欧美,黄金时代（1920-1950）,已破案,十六年前的毒杀案，画家被毒啤酒毒死，妻子被判绞刑。十六年后女儿请求波洛重审旧案。,故事完成,3.7
case-077,布朗神父探案集,推理小说,G.K.切斯特顿作品,G.K.切斯特顿,欧美,黄金时代（1920-1950）,已破案,一位身材矮小、其貌不扬的天主教神父，凭借对人性的深刻理解，破解了一个个看似不可能的犯罪。,故事完成,4.0
case-067,怪屋,推理小说,阿加莎·克里斯蒂作品,阿加莎·克里斯蒂,欧美,黄金时代（1920-1950）,已破案,富裕的希腊裔老人在自家豪宅中被毒杀，整个扭曲的家族中每个人都有嫌疑，结局令人不寒而栗。,故事完成,4.3
case-064,悬崖山庄奇案,推理小说,波洛系列,阿加莎·克里斯蒂,欧美,黄金时代（1920-1950）,已破案,波洛在度假时遇到一位年轻女继承人，她声称自己多次遭遇意外，波洛介入后发现了更大的阴谋。,故事完成,4.0
case-068,无尽长夜,推理小说,阿加莎·克里斯蒂作品,阿加莎·克里斯蒂,欧美,黄金时代（1920-1950）,已破案,穷小子娶了富家女，在吉卜赛营地建起梦想之家，然而诅咒和悲剧接踵而至，结局令人心碎。,故事完成,4.0
case-069,时间的女儿,推理小说,约瑟芬·铁伊作品,约瑟芬·铁伊,欧美,黄金时代（1920-1950）,已破案,受伤住院的侦探格兰特无聊中研究理查三世的画像，开始质疑这位'驼背暴君'是否真的谋杀了塔中王子。,故事完成,3.7
case-066,死亡约会,推理小说,波洛系列,阿加莎·克里斯蒂,欧美,黄金时代（1920-1950）,已破案,专横的老妇人在佩特拉古城旅游时突然死亡，所有同行的家人都有嫌疑，波洛在24小时内破案。,故事完成,4.0
case-070,法兰柴思事件,推理小说,约瑟芬·铁伊作品,约瑟芬·铁伊,欧美,黄金时代（1920-1950）,已破案,一个15岁的女孩指控一对母女囚禁并殴打她，小镇舆论哗然，但律师逐渐发现真相并非如此简单。,故事完成,3.7
case-071,漫长的告别,推理小说,菲利普·马洛系列,雷蒙德·钱德勒,欧美,硬汉派（1930-1960）,已破案,私家侦探马洛在酒吧外遇到醉鬼特里，两人成为朋友。不久特里被指控杀妻，马洛帮他逃亡，却发现自己卷入了一个巨大的阴谋。,故事完成,3.7
case-076,特伦特最后一案,推理小说,E.C.本特利作品,E.C.本特利,欧美,黄金时代（1920-1950）,已破案,金融巨头在乡间别墅被枪杀，记者特伦特展开调查，他的推理看似完美，却在最后发现自己错了。,故事完成,4.7
case-074,瘦子,推理小说,尼克与诺拉系列,达希尔·哈米特,欧美,硬汉派（1930-1960）,已破案,退休侦探尼克和妻子诺拉在圣诞假期卷入一桩谋杀案，失踪的发明家、被枪杀的秘书、黑帮分子，所有人都有嫌疑。,故事完成,3.3
case-063,破镜谋杀案,推理小说,马普尔小姐系列,阿加莎·克里斯蒂,欧美,黄金时代（1920-1950）,已破案,著名女演员在自家宴会上目睹一名女子被毒杀，而那杯毒酒原本是给她的。,故事完成,3.7
case-075,红屋之谜,推理小说,A.A.米尔恩作品,A.A.米尔恩,欧美,黄金时代（1920-1950）,已破案,一座乡间别墅里，主人的哥哥被发现死在反锁的房间里，所有客人都有嫌疑，这是一场经典的密室杀人。,故事完成,4.0
case-062,藏书室女尸之谜,推理小说,马普尔小姐系列,阿加莎·克里斯蒂,欧美,黄金时代（1920-1950）,已破案,班特里上校家的藏书室里突然出现一具陌生女尸，打破了乡村的宁静，马普尔小姐出手调查。,故事完成,3.7
case-061,谋杀启事,推理小说,马普尔小姐系列,阿加莎·克里斯蒂,欧美,黄金时代（1920-1950）,已破案,小镇报纸上刊登一则谋杀启事，预告当晚将发生一场谋杀，居民们以为是玩笑，却真的有人死亡。,故事完成,4.0
case-072,长眠不醒,推理小说,菲利普·马洛系列,雷蒙德·钱德勒,欧美,硬汉派（1930-1960）,已破案,马洛受雇于一位年迈的将军，调查一桩敲诈案，却卷入了一个涉及谋杀、色情和黑帮的复杂网络。,故事完成,3.7
case-059,阳光下的罪恶,推理小说,阿加莎·克里斯蒂作品,阿加莎·克里斯蒂,欧美,黄金时代（1920-1950）,已破案,海岛度假胜地发生谋杀，美艳女演员在沙滩上被掐死，所有人都有不在场证明。,故事完成,3.7
case-073,马耳他之鹰,推理小说,塞缪尔·斯佩德系列,达希尔·哈米特,欧美,硬汉派（1930-1960）,已破案,私家侦探斯佩德的搭档在跟踪任务中被杀，他追查凶手时发现所有人都在争夺一只价值连城的黑色猎鹰雕像。,故事完成,3.7
case-010,X的悲剧,推理小说,X的悲剧,,美国,近现代（1900-1980）,已破案,证券商在拥挤电车上被毒杀，凶手在密室般的车厢中消失，退休演员哲瑞·雷恩破解连环杀人案。,待录入,4.3
the-tragedy-of-y,Y的悲剧,推理小说,,,美国,1932,已完结,疯狂家族中的连环谋杀案，哲瑞·雷恩揭开家族遗传病背后的悲剧真相。,初稿,5
case-011,三口棺材,推理小说,三口棺材,,美国,近现代（1900-1980）,已破案,密室之王的巅峰之作，双重密室杀人，死者在反锁书房中被枪击，凶手凭空消失。,待录入,4.7
double-indemnity,双重赔偿,推理小说,,,美国,1943,已完结,保险推销员与有夫之妇合谋杀害丈夫骗取双重赔偿，完美犯罪最终因贪婪破灭。,初稿,3
case-009,希腊棺材之谜,推理小说,希腊棺材之谜,,美国,近现代（1900-1980）,已破案,古董商死后遗嘱失踪，棺材里多出一具尸体，四重解答层层递进，真凶竟是检察官。,待录入,4.8
the-crooked-hinge,歪曲的枢纽,推理小说,,,美国,1938,已完结,真假男爵之争中的密室死亡案，机械义肢与身份谜团交织。,初稿,5
the-long-goodbye,漫长的告别,推理小说,,,美国,1953,已完结,私家侦探马洛为一个萍水相逢的朋友追查真相，卷入豪门阴谋与谋杀案。,初稿,3
the-burning-court,燃烧的法庭,推理小说,,,美国,1937,已完结,密室中的毒杀案与女巫传说交织，尸体从密封的墓室中神秘消失。,初稿,5
case-012,犹大之窗,推理小说,犹大之窗,,美国,近现代（1900-1980）,已破案,青年在反锁书房中醒来，发现未来岳父被箭射死，唯一的线索是门上的'犹大之窗'。,待录入,4.2
the-dutch-shoe-mystery,荷兰鞋之谜,推理小说,,,美国,1931,已完结,医院手术台上的百万富翁被勒死，埃勒里·奎因通过一只荷兰鞋识破凶手身份。,初稿,4
the-postman-always-rings-twice,邮差总按两次铃,推理小说,,,美国,1934,已完结,流浪汉与餐馆老板娘合谋杀害老板，多次尝试后成功，但命运的邮差最终按响了第二次门铃。,初稿,2
the-maltese-falcon,马耳他之鹰,推理小说,,,美国,1930,已完结,私家侦探斯佩德的搭档被杀，他追查真相，卷入争夺无价黑鹰的阴谋。,初稿,3
case-002,东方快车谋杀案,推理小说,赫尔克里波洛系列,,英国,近现代（1900-1980）,已破案,暴风雪中列车上的密室命案，12名乘客竟是共犯，波洛面临情与法的抉择。,完整,4.7
five-little-pigs,啤酒谋杀案,推理小说,,,英国,1942,已完结,十六年前的毒杀案，女儿为母翻案，波洛通过五个证人的回忆重构真相。,初稿,4
case-008,尼罗河上的惨案,推理小说,尼罗河上的惨案,,英国,近现代（1900-1980）,已破案,新婚夫妇在尼罗河游轮上遭遇谋杀，妻子的前男友是最大嫌疑人，真凶却是夫妻合谋。,故事完成,4.3
case-006,无人生还,推理小说,无人生还,,英国,近现代（1900-1980）,虚构结局,十个陌生人被邀请到孤岛，按照童谣逐一死去，无人生还，凶手竟是其中一人。,故事完成,4.5
case-007,罗杰疑案,推理小说,罗杰疑案,,英国,近现代（1900-1980）,已破案,叙述性诡计的开山之作，第一人称叙述者竟是凶手，读者全程被误导。,故事完成,4.7
case-001,血字的研究,推理小说,福尔摩斯探案集,,英国,古典（1900前）,已破案,福尔摩斯与华生的首次合作，一场横跨两大洲的复仇谋杀案。,完整,3.0
evil-under-the-sun,阳光下的罪恶,推理小说,,,英国,1941,已完结,度假小岛上的女明星被杀，所有人都有不在场证明，波洛识破时间诡计。,初稿,4
case-054,逃生,游戏,逃生,,加拿大,当代（1980后）,已破案,调查记者潜入废弃精神病院，用夜视摄像机记录恐怖真相，在疯狂中寻找逃生之路。,待录入,3.8
case-141,428：被封锁的涩谷,游戏,游戏《428 被封锁的涩谷》,Chunsoft,日本,2008年,已破案,涩谷发生一起绑架案，刑警、自由撰稿人、黑帮成员、病毒学家等多个人物的命运在10小时内交织在一起，玩家需要通过切换视角来解开一个涉及生物恐怖主义的巨大阴谋。,故事完成,5.0
case-157,428：被封锁的涩谷（续）,游戏,游戏《428 被封锁的涩谷》Bonus章节,Chunsoft,日本,2008年,已破案,在本篇故事结束后，游戏还有一个隐藏的Bonus章节——'铃音的故事'。这个章节揭示了本篇故事中一个神秘角色的真实身份和背景，以及她与整个阴谋的更深层联系。,故事完成,5.0
case-057,AI：梦境档案,游戏,AI：梦境档案,,日本,当代（1980后）,已破案,近未来东京，失去左眼的刑警用AI搭档潜入嫌疑人梦境，调查连环杀人案的真相。,待录入,4.5
ever17-the-out-of-infinity,Ever17,游戏,,,日本,2002,已完结,海底主题公园的被困事件，两个视角的故事最终揭开时间与身份的惊天诡计。,初稿,3
remember11-the-age-of-infinity,Remember11,游戏,,,日本,2004,已完结,坠机幸存者与精神科患者的人格交换，时间与空间的诡计直到最后才揭晓。,初稿,3
case-045,人狼村之谜,游戏,人狼村之谜,,日本,当代（1980后）,已破案,大学生房石阳明误入一个与世隔绝的村庄，被卷入一场基于人狼游戏的死亡仪式，必须在轮回中找出真相。,待录入,4.8
case-142,命运石之门,游戏,游戏《命运石之门》,5pb.,日本,2009年,已破案,大学生冈部伦太郎发明了可以向过去发送短信的'电话微波炉'，他和朋友们的实验导致了时间线的混乱，他必须在无数次时间跳跃中拯救他的朋友牧濑红莉栖和椎名真由理。,故事完成,5.0
case-154,大逆转裁判,游戏,游戏《大逆转裁判》,卡普空,日本,2015年,已破案,19世纪末的明治时代，日本律师成步堂龙之介（成步堂龙一的祖先）来到英国伦敦，与福尔摩斯（游戏中名为'福尔摩斯'的角色）一起调查案件。游戏通过'共同推理'系统让玩家与福尔摩斯一起推理。,故事完成,5.0
higurashi-when-they-cry,寒蝉鸣泣之时,游戏,,,日本,2002,已完结,雏见泽村的连续怪死事件，多个篇章的谜团最终在解答篇中揭开。,初稿,3
case-043,弹丸论破,游戏,弹丸论破：希望的学园与绝望的高中生,,日本,当代（1980后）,已破案,15名超高校级学生被困在希望峰学园，黑白熊强迫他们互相残杀，只有在学级裁判中找出凶手才能毕业。,待录入,4.8
case-139,弹丸论破2：再见绝望学园,游戏,游戏《超级弹丸论破2》,Spike Chunsoft,日本,2012年,已破案,16名学生被带到贾巴沃克岛进行'修学旅行'，但黑白熊出现并开始了'自相残杀的修学旅行'——如果有人杀了人且不被发现，就能毕业离开。日向创作为主角，在每一起谋杀案后进行学级裁判，找出真凶。,故事完成,5.0
case-155,弹丸论破V3,游戏,游戏《新弹丸论破V3》,Spike Chunsoft,日本,2017年,已破案,16名超高校级学生被带到一个'才囚学园'，被迫参加自相残杀的游戏。主角最原终一在每起谋杀案后进行学级裁判找出真凶。最后发现整个游戏是一个虚构的电视节目，而'真相'本身也是被设计好的。,故事完成,5.0
case-152,恐怖惊魂夜,游戏,游戏《恐怖惊魂夜》,Chunsoft,日本,1994年,已破案,11个人在一个雪山旅馆里度过一个恐怖的夜晚，一个接一个地被杀害。玩家通过选择分支来推进故事，需要找出真凶才能到达真结局。这是日本有声小说游戏的经典之作。,故事完成,5.0
case-044,极限脱出,游戏,极限脱出：9小时9个人9之门,,日本,当代（1980后）,已破案,9个人被困在一艘沉没的船上，必须在9小时内解开9扇门的谜题，否则会被淹死，真相比想象的更复杂。,待录入,4.8
case-140,极限脱出2：善人死亡,游戏,游戏《极限脱出ADV 善人死亡》,Chunsoft,日本,2012年,已破案,9个人被绑架到一个废弃的太空站，被迫参加'非人性游戏'——通过投票决定谁能活下来。主角西格玛在调查中发现，这个游戏实际上是一个为了拯救人类未来而设计的复杂实验。,故事完成,5.0
case-156,极限脱出：9小时9个人9扇门,游戏,游戏《极限脱出 9小时9个人9扇门》,Chunsoft,日本,2009年,已破案,9个人被绑架到一个类似泰坦尼克号的船上，被迫参加'非人性游戏'——他们需要在9小时内找到9扇门，否则船就会沉没。主角淳平通过调查发现，这个游戏与9年前的一场实验有关，而真凶就在他们之中。,故事完成,5.0
umineko-when-they-cry,海猫鸣泣之时,游戏,,,日本,2007,已完结,六轩岛上的连环杀人案，魔女与人类的推理对决，真相在棋盘之外。,初稿,3
case-153,逆转检事,游戏,游戏《逆转检事》,卡普空,日本,2009年,已破案,检察官御剑怜侍在调查一起案件时，发现自己被卷入了一个巨大的国际走私阴谋。他通过'逻辑'系统（将两个线索连接起来得出新结论）来调查案件，最后揭露了走私集团的幕后黑手。,故事完成,5.0
case-005,逆转裁判1-2：逆转姐妹,游戏,逆转裁判,,日本,当代（1980后）,已破案,灵媒师姐妹被卷入谋杀案，律师成步堂龙一在法庭上揭穿利用灵媒制造的不在场证明。,完整,3.0
case-138,逆转裁判2：再见，逆转,游戏,游戏《逆转裁判2》,卡普空,日本,2002年,已破案,成步堂龙一为谋杀嫌疑人王都楼真悟辩护，受害者是著名演员藤见野勋。随着调查深入，成步堂发现真凶是王都楼的经纪人华宫雾绪，而整个案件背后隐藏着一年前的另一起谋杀案。,故事完成,5.0
case-042,逆转裁判3,游戏,逆转裁判3,,日本,当代（1980后）,已破案,成步堂龙一的最终章，揭示了绫里家族的秘密和DL-6号事件的完整真相，美柳千奈美的复仇贯穿始终。,待录入,4.7
case-150,万众狂欢,游戏,游戏《万众狂欢》,The Chinese Room,欧美,2015年,已破案,一个英国乡村小镇的所有居民都神秘消失了。玩家通过探索小镇、收听广播和电话留言，逐渐拼凑出居民消失的真相——这与一个神秘的'光'有关，它可能是外星生命、超自然现象或科学实验的产物。,故事完成,5.0
case-146,与狼同行,游戏,游戏《与狼同行》,Telltale Games,欧美,2013年,已破案,童话镇的治安官毕格比·沃尔夫（大灰狼）调查一起残忍的谋杀案，受害者是一个童话人物。随着调查深入，他发现这起谋杀案背后隐藏着一个涉及童话镇权力斗争的巨大阴谋。,故事完成,5.0
case-149,伊森卡特的消失,游戏,游戏《伊森卡特的消失》,The Astronauts,欧美,2014年,已破案,拥有超自然能力的侦探保罗·普罗斯佩罗来到一个偏远的小镇，调查一个名叫伊森·卡特的男孩的失踪案。他逐渐发现，这个小镇隐藏着一个涉及古老邪教、血腥仪式和家族秘密的黑暗故事。,故事完成,5.0
case-151,塔科马,游戏,游戏《塔科马》,Fullbright,欧美,2017年,已破案,2088年，一个名叫艾米丽的审计员来到一个废弃的太空站'塔科马'，调查太空站 crew 的神秘失踪。她通过回放太空站的AI记录的增强现实场景，逐渐了解到 crew 们的生活、关系和失踪的真相。,故事完成,5.0
case-145,奇异人生,游戏,游戏《奇异人生》,Dontnod Entertainment,欧美,2015年,已破案,女大学生麦克斯·考菲尔德发现自己拥有逆转时间的能力，她和好友克洛伊·普莱斯一起调查同学瑞秋·安珀的失踪案，逐渐揭开了阿卡迪亚湾小镇的黑暗秘密，最后必须在拯救好友和拯救小镇之间做出选择。,故事完成,5.0
case-144,暴雨,游戏,游戏《暴雨》,Quantic Dream,欧美,2010年,已破案,一个名叫'折纸杀手'的连环杀手在雨中绑架男孩，将他们淹死。四个主角（失去儿子的父亲、FBI探员、私家侦探、记者）从不同角度调查此案，最后发现真凶是其中一个主角。,故事完成,5.0
case-148,福尔摩斯：罪与罚,游戏,游戏《福尔摩斯：罪与罚》,Frogwares,欧美,2014年,已破案,玩家扮演夏洛克·福尔摩斯，调查6个独立的案件。每个案件都有多个嫌疑人，玩家需要收集证据、进行推理，最后决定谁是真凶——但游戏的核心理念是：正义并不总是等于法律，玩家可以选择放过或惩罚真凶。,故事完成,5.0
case-147,行尸走肉（第一季）,游戏,游戏《行尸走肉》,Telltale Games,欧美,2012年,已破案,僵尸末日爆发后，被判谋杀罪的李·埃弗雷特遇到了一个名叫克莱曼婷的小女孩，他带着她在僵尸横行的世界中求生，在旅途中遇到了各种幸存者，必须在道德困境中做出艰难的选择。,故事完成,5.0
case-143,黑色洛城,游戏,游戏《黑色洛城》,Team Bondi,欧美,2011年,已破案,1947年的洛杉矶，退伍军人科尔·菲尔普斯成为一名警察，他在调查一系列案件（包括著名的黑色大丽花案）的过程中，逐渐揭开了洛杉矶警界和政界的腐败黑幕。,故事完成,5.0
case-052,底特律：变人,游戏,底特律：变人,,法国,当代（1980后）,已破案,2038年底特律，三个仿生人主角的命运交织，玩家的每个选择都影响故事走向和多结局。,待录入,3.7
heavy-rain,暴雨,游戏,,,法国,2010,已完结,折纸杀手绑架男孩，四个角色的命运交织，玩家的选择决定结局。,初稿,3
case-046,极乐迪斯科,游戏,极乐迪斯科（Disco Elysium）,,爱沙尼亚,当代（1980后）,已破案,一个失忆的警探在一个充满政治和阶级矛盾的城市中调查一起绞杀案，同时寻找自己的身份。,待录入,4.7
case-055,Among Us,游戏,Among Us,,美国,当代（1980后）,虚构结局,太空飞船上的社交推理游戏，船员完成任务，内鬼暗中破坏，通过讨论投票找出内鬼。,待录入,4.7
case-056,传送门2,游戏,传送门2,,美国,当代（1980后）,已破案,在光圈科技的废弃实验室中，用传送门枪解开空间谜题，与疯狂AI GLaDOS斗智斗勇。,待录入,4.2
la-noire,黑色洛城,游戏,,,美国,2011,已完结,1940年代洛杉矶的警探生涯，通过审讯和调查破解多起案件。,初稿,3
alan-wake,心灵杀手,游戏,,,芬兰,2010,已完结,作家在小镇寻找失踪妻子，发现自己写的恐怖小说正在变成现实。,初稿,3
case-053,黑镜：潘达斯奈基,游戏,黑镜：潘达斯奈基,,英国,当代（1980后）,已破案,1984年，年轻程序员将一本奇幻小说改编成电子游戏，现实与虚构的边界逐渐模糊。,待录入,4.3
case-030,Hello Kitty藏尸案,真实案件,Hello Kitty藏尸案,,中国,当代（1980后）,已破案,1999年香港，夜总会女公关被绑架虐待致死，头颅被藏在Hello Kitty玩偶中，案件震惊香港。,待录入,3.5
case-110,东北二王案,真实案件,1983年中国东北持枪杀人案,,中国,20世纪80年代,已破案,1983年辽宁沈阳王氏兄弟（王宗坊、王宗玮）持枪杀人后潜逃，横跨多省作案，造成9死9伤，最终在江西广昌被警方击毙，促成中国第一次严打。,故事完成,3.0
case-026,南大碎尸案,真实案件,南大碎尸案,,中国,近现代（1900-1980）,悬案,1996年南京，南京大学女生刁爱青失踪后被发现尸体被切成2000多片，案件至今未破。,待录入,4.2
case-114,呼兰大侠案,真实案件,1980年代黑龙江呼兰传奇案件,,中国,20世纪80年代,悬案,1980年代黑龙江呼兰县，一名被称为'呼兰大侠'的人 allegedly 杀害多名警察和法官，案件至今未破，成为中国民间传说中的传奇案件。,故事完成,4.7
case-032,宝马山双尸案,真实案件,宝马山双尸案,,中国,近现代（1900-1980）,已破案,1985年香港，一对英国籍情侣在宝马山被多名青少年殴打致死，案件成为香港最严重的青少年犯罪案件之一。,待录入,3.2
case-112,张子强案,真实案件,1990年代中国香港世纪大盗,,中国,20世纪90年代,已破案,张子强是香港犯罪集团首脑，策划抢劫金铺、绑架李嘉诚长子等大案，涉案金额超20亿港元，1998年在大陆被判处死刑。,故事完成,3.7
case-109,朱令案,真实案件,1994年清华大学铊中毒案,,中国,20世纪90年代,悬案,1994年清华大学女生朱令离奇铊中毒，警方调查后锁定其室友为嫌疑人，但因证据不足和各种争议，案件至今未破，成为中国最著名的悬案之一。,故事完成,5.0
case-111,白宝山案,真实案件,1996-1997年中国特大持枪杀人案,,中国,20世纪90年代,已破案,白宝山是中国刑侦史上最臭名昭著的杀人犯之一，1996-1997年在北京、河北、新疆等地持枪杀害15人（包括5名警察），抢劫140余万元，1997年被逮捕，1998年被执行死刑。,故事完成,4.0
case-025,白银连环杀人案,真实案件,白银连环杀人案,,中国,当代（1980后）,已破案,1988-2002年甘肃白银，连环杀手高承勇杀害11名女性，手段极其残忍，28年后因DNA技术破案。,待录入,4.2
case-115,聂树斌案,真实案件,1994年河北石家庄强奸杀人案/冤案,,中国,20世纪90年代,已平反,1994年河北石家庄，聂树斌被指控强奸杀害一名女工，1995年被执行死刑。2005年真凶王书金自认其罪，经过多年申诉，2016年聂树斌被改判无罪，成为中国最著名的冤案之一。,故事完成,5.0
case-031,雨夜屠夫,真实案件,雨夜屠夫案,,中国,近现代（1900-1980）,已破案,1982年香港，出租车司机林过云在雨夜杀害4名女性，拍摄尸体照片并肢解，成为香港首位连环杀手。,待录入,4.0
case-113,龙治民案,真实案件,1985年陕西商洛连环杀人案,,中国,20世纪80年代,已破案,龙治民夫妇在陕西商洛家中杀害48人，是新中国成立以来最大的个人凶杀案，1985年被发现，龙治民夫妇被判处死刑。,故事完成,3.3
case-029,迪亚特洛夫事件,真实案件,迪亚特洛夫事件,,俄罗斯,近现代（1900-1980）,悬案,1959年苏联乌拉尔山脉，9名滑雪登山者在神秘情况下死亡，帐篷从内部被割开，死者衣着怪异，至今原因成谜。,待录入,4.3
case-024,三亿日元抢劫案,真实案件,三亿日元抢劫案,,日本,近现代（1900-1980）,悬案,1968年日本东京，一名伪装成警察的男子拦下运钞车，以'车上有炸弹'为由骗走3亿日元，成为日本历史上最大的悬案之一。,待录入,4.3
case-106,宫崎勤事件,真实案件,1988-1989年东京连环女童谋杀案,,日本,20世纪80年代,已破案,宫崎勤在1988-1989年间绑架杀害4名4-7岁女童，进行猥亵和分尸，还向受害者家属寄恐吓信，1989年被捕，2008年被绞刑处决。,故事完成,3.0
case-104,帝银事件,真实案件,1948年东京银行毒杀抢劫案,,日本,20世纪40年代,已破案（争议）,1948年东京帝国银行椎名町分行，一名男子冒充防疫人员毒杀12名银行职员并抢走现金。画家平泽贞通被定罪，但案件至今有争议。,故事完成,4.3
case-105,格力高·森永事件,真实案件,1984年日本食品企业恐吓案,,日本,20世纪80年代,悬案,1984年日本格力高公司社长被绑架，随后一系列食品企业收到恐吓信和氰化物污染食品，凶手自称'怪人二十一面相'，1985年宣布停止活动，案件至今未破。,故事完成,4.7
case-107,神户儿童连续杀害事件,真实案件,1997年神户酒鬼蔷薇圣斗事件,,日本,20世纪90年代,已破案,1997年神户市一名14岁少年自称'酒鬼蔷薇圣斗'，杀害两名儿童并将一名男孩的头颅挂在学校门口，还向媒体寄挑衅信，引发日本社会对少年犯罪的巨大震动。,故事完成,3.7
case-108,秋叶原杀人事件,真实案件,2008年东京秋叶原随机杀人案,,日本,21世纪初,已破案,2008年东京秋叶原，25岁的加藤智大驾驶卡车冲撞行人后下车持刀随机杀人，造成7死10伤，2011年被绞刑处决。,故事完成,3.0
case-096,BTK杀手案,真实案件,1974-1991年堪萨斯州连环杀手,,欧美,20世纪70-90年代,已破案,丹尼斯·雷德犯下10起谋杀，自称BTK（捆绑折磨杀害），写信挑衅媒体，停手13年后因软盘元数据被捕，被判10个连续终身监禁。,故事完成,3.7
case-101,乔恩·贝内特·拉姆齐案,真实案件,1996年科罗拉多州选美小皇后谋杀案,,欧美,20世纪90年代,悬案,6岁的选美小皇后乔恩·贝内特在自家地下室被发现死亡，现场有绑架勒索信，父母成为主要嫌疑人，2008年DNA排除父母嫌疑，案件至今未破。,故事完成,5.0
case-095,山姆之子案,真实案件,1976-1977年纽约连环枪击案,,欧美,20世纪70年代,已破案,大卫·伯科威茨在纽约犯下6起谋杀，自称'山姆之子'，声称被邻居的狗驱使，1977年因停车罚单被捕，被判365年监禁。,故事完成,3.7
case-099,杰弗里·达默案,真实案件,1978-1991年密尔沃基食人魔,,欧美,20世纪70-90年代,已破案,达默杀害17名年轻男性，进行奸尸、肢解和食人，把人头保存在冰箱里，1991年幸存者逃出后被捕，1994年被囚犯打死。,故事完成,3.7
case-094,林德伯格绑架案,真实案件,1932年美国世纪犯罪,,欧美,20世纪30年代,已破案（争议）,1932年著名飞行员林德伯格的20个月大儿子被绑架，支付赎金后孩子尸体在附近树林被发现。此案被称为'世纪犯罪'，导致联邦绑架法通过。,故事完成,3.7
case-100,理查德·拉米雷斯案,真实案件,1984-1985年夜行者,,欧美,20世纪80年代,已破案,拉米雷斯自称'夜行者'，崇拜撒旦，在洛杉矶犯下13起谋杀，随机选择受害者，1985年被市民认出围捕，2013年病死狱中。,故事完成,3.7
case-098,约翰·韦恩·盖西案,真实案件,1972-1978年伊利诺伊州连环杀手,,欧美,20世纪70年代,已破案,盖西是建筑承包商和'小丑波戈'，在家中强奸杀害至少33名年轻男性，尸体埋在爬行空间，1994年被注射死刑。,故事完成,3.7
case-097,绿河杀手案,真实案件,1982-1998年华盛顿州连环杀手,,欧美,20世纪80-90年代,已破案,加里·里奇韦杀害至少49名女性（主要是妓女），将尸体丢弃在绿河附近，2001年DNA比对被捕，认罪换免死，被判49个连续终身监禁。,故事完成,3.3
case-102,肯尼迪遇刺案,真实案件,1963年达拉斯总统遇刺,,欧美,20世纪60年代,已破案（争议）,1963年11月22日美国总统肯尼迪在达拉斯遇刺身亡。官方结论是李·哈维·奥斯瓦尔德单独作案，但他两天后被杰克·鲁比枪杀，案件至今充满阴谋论。,故事完成,5.0
case-093,莉齐·博登案,真实案件,1892年美国福尔里弗斧头谋杀案,,欧美,19世纪末,已破案（争议）,1892年富有的博登夫妇被斧头砍死在家中，女儿莉齐成为主要嫌疑人，最终被判无罪，但多数人认为她就是凶手。,故事完成,3.7
case-116,辛普森杀妻案,真实案件,1994年美国橄榄球明星杀妻案,,欧美,20世纪90年代,已宣判（无罪）,1994年美国橄榄球明星O.J.辛普森被指控杀害前妻妮可·布朗和她的朋友罗恩·戈德曼，经过长达9个月的'世纪审判'，陪审团裁定辛普森无罪，案件成为美国司法史上最具争议的案件之一。,故事完成,5.0
case-103,阿曼达·诺克斯案,真实案件,2007年意大利佩鲁贾留学生谋杀案,,欧美,21世纪初,已平反,美国留学生阿曼达·诺克斯在意大利被指控与男友和另一男子合谋杀害室友梅雷迪思·克尔彻，被判26年后上诉无罪释放，2015年最终平反。,故事完成,4.3
case-117,黑色大丽花案,真实案件,1947年洛杉矶悬案,,欧美,20世纪40年代,悬案,1947年洛杉矶，22岁女演员伊丽莎白·肖特被残忍杀害并分尸，尸体被摆成怪异姿势，凶手还向媒体寄信自称'黑色大丽花复仇者'，案件至今未破，成为美国最著名的悬案之一。,故事完成,5.0
case-021,十二宫杀手,真实案件,十二宫杀手案,,美国,近现代（1900-1980）,悬案,1960-70年代旧金山湾区，自称'十二宫'的连环杀手犯下多起谋杀，寄来密码信挑衅警方，至今身份成谜。,待录入,4.5
son-of-sam,山姆之子,真实案件,,,美国,1976-1977,已完结,"纽约的连环杀手专杀情侣，自称""山姆之子""，被捕后声称被邻居的狗命令杀人。",初稿,2
jeffrey-dahmer,杰夫瑞·达莫,真实案件,,,美国,1978-1991,已完结,"""密尔沃基食人魔""在公寓中杀害17名男性，保存尸体部位并尝试制造僵尸。",初稿,2
lindbergh-kidnapping,林德伯格绑架案,真实案件,,,美国,1932,已完结,飞行英雄林德伯格的幼子被绑架勒索，尸体在两个月后被发现，案件改变了美国法律。,初稿,3
case-022,泰德·邦迪,真实案件,泰德·邦迪连环杀人案,,美国,近现代（1900-1980）,已破案,外表英俊迷人的法律系学生泰德·邦迪，在1970年代美国多地奸杀数十名年轻女性，最终被处决。,待录入,4.3
john-wayne-gacy,约翰·韦恩·盖西,真实案件,,,美国,1972-1978,已完结,"""小丑杀手""在自家地下空间埋葬33具男孩尸体，表面上却是成功的商人和社区名人。",初稿,2
lizzie-borden,莉齐·博登案,真实案件,,,美国,1892,已完结,马萨诸塞州的父女被斧头砍死，女儿莉齐成为主要嫌疑人，最终被判无罪。,初稿,3
case-027,蓝可儿事件,真实案件,蓝可儿死亡事件,,美国,当代（1980后）,悬案,2013年洛杉矶，加拿大华裔女生蓝可儿在塞西尔酒店电梯中行为诡异，后被发现死在酒店屋顶水箱中。,待录入,4.2
case-023,辛普森杀妻案,真实案件,O.J.辛普森杀妻案,,美国,当代（1980后）,已破案,橄榄球明星O.J.辛普森被指控杀害前妻及其男友，世纪审判中因证据程序问题被判无罪，成为美国司法史上最具争议的案件。,待录入,4.3
case-020,黑色大丽花,真实案件,黑色大丽花惨案,,美国,近现代（1900-1980）,悬案,"1947年洛杉矶， aspiring actress Elizabeth Short was found brutally murdered, body cut in half and posed, case remains unsolved.",待录入,4.3
case-050,开膛手杰克,真实案件,开膛手杰克案,,英国,近现代（1900-1980）,悬案,1888年伦敦白教堂区，连环杀手杀害至少5名妓女，寄来挑衅信件，身份至今成谜，成为史上最著名悬案。,待录入,4.3
case-033,玛德琳·麦卡恩失踪案,真实案件,玛德琳·麦卡恩失踪案,,葡萄牙,当代（1980后）,悬案,2007年葡萄牙，3岁英国女孩玛德琳·麦卡恩在度假公寓失踪，成为全球最受关注的失踪案之一。,待录入,4.3
case-028,华城连环杀人案,真实案件,华城连环杀人案,,韩国,近现代（1900-1980）,已破案,1986-1991年韩国华城，10名女性被杀害，33年后通过DNA技术锁定凶手，改编为电影《杀人回忆》。,待录入,4.3
lee-hyung-ho,李亨浩诱拐事件,真实案件,,,韩国,1991,已完结,9岁男孩在楼下被诱拐，父母收到87通勒索电话，44天后尸体在江边被发现。,初稿,3
frog-boys,青蛙少年失踪案,真实案件,,,韩国,1991,已完结,五名小学生上山抓青蛙后失踪，11年后尸体在山上被发现，案件至今未破。,初稿,3
